{
  "newCategory": "New Category",
  "Orders": "Orders",
  "orders": "Orders",
  "Categories": "Categories",
  "categories": "Categories",
  "categoryNameLabel": "Category Name",
  "categoryNameHint": "Enter category name",
  "categoryImage": "Category Image",
  "uploadImage": "Upload Image",
  "addCategoryBtn": "Add Category",
  "warehouseLabel": "Warehouse Name",
  "warehouseHint": "Enter warehouse name",
  "warehouseInfoHint": "Additional Information",
  "addBTN": "Add",
  "newWarehouse": "New Warehouse",
  "addProductAppbarTitle": "Add Product",
  "addProductNameLabel": "Product Name",
  "addProductNameHint": "Enter product name",
  "addProductInfoLabel": "Additional Product Information",
  "addProductInfoHint": "Enter information",
  "addProductCategoryLabel": "Product Category",
  "addProductCategoryHint": "Select category",
  "addProductGenderLabel": "For Whom?",
  "addProductGenderHint": "Select",
  "addProductBrand": "Product Brand",
  "addProductBrandHint": "Select brand",
  "addProductSize": "Product Size",
  "addProductSizeHint": "Enter product size",
  "addProductPrice": "Product Price",
  "addProductPriceHint": "Enter product price",
  "addProductCurrency": "Currency",
  "addProductDiscount": "Product Discount",
  "addProductTax": "Product Tax Code",
  "addProductTaxHint": "Enter product tax code",
  "addProductShop": "Product Shop",
  "addProductShopHint": "Select product shop",
  "addProductWarehouseHint": "Select the warehouse where the product is located",
  "addProductWarehouse": "Product Warehouse",
  "addProductWeightOrCount": "Product Quantity",
  "addProductWeightOrCountHint": "Enter product quantity",
  "addProductWightType": "Product Quantity Type",
  "addProductColor": "Product Color",
  "newShopAppbar": "Create New Shop",
  "newShopLabel": "Shop Name",
  "newShopNameHint": "Enter shop name",
  "shopInfoHint": "Additional Information",
  "addProductItemLabel": "Product Items",
  "addProductItemButtonTitle": "Add Product Item",
  "imageLabel": "Product Image",
  "addProductDiscountHint": "Enter discount amount (%)",
  "addProductWeight": "Product Weight",
  "addProductWeightHint": "Enter product weight",
  "add": "Add",
  "delete": "Delete",
  "employees": "Employees",
  "employeeNameLabel": "Employee Name",
  "employeeNameHint": "Enter employee name",
  "employeePhoneLabel": "Employee Phone Number",
  "employeePhoneHint": "Enter phone number",
  "employeeRoleLabel": "Employee Role",
  "employeeRoleHint": "Select role",
  "login": "Login",
  "loginHint": "Enter login",
  "passwordHint": "Enter password",
  "loginInputError": "You did not enter a login!",
  "passwordInputError": "You did not enter a password!",
  "changeLanguage": "Change Language",
  "roles": "Roles",
  "dataNotFound": "Data not found",
  "addRole": "Add Role",
  "roleDescriptionLabel": "Role Description",
  "roleDescriptionHint": "Enter description",
  "rolePermissionsLabel": "Role Permissions",
  "rolePermissionsInputError": "Permissions not entered",
  "deleteRoleQuestion": "Are you sure you want to delete this role?",
  "logout": "Logout",
  "logoutQuestionText": "Are you sure you want to log out?",
  "employeeImageLabel": "Employee Image",
  "addOrganizationBTN": "Add Organization",
  "warehouseAddressLabel": "Warehouse Address",
  "warehouseDescriptionHint": "Enter description",
  "warehouseDescriptionLabel": "Warehouse Description",
  "warehouseOwnerPhoneLabel": "Warehouse Owner Phone",
  "warehouseOwnerPhoneHint": "Enter phone number",
  "warehouseCoordinatesLabel": "Warehouse Coordinates",
  "locationPermissionMessage": "Grant location permission",
  "productPermissionsLabel": "Product Permissions",
  "subcategories": "Subcategories",
  "addSubcategory": "Add Subcategory",
  "subcategoryNameHint": "Enter name",
  "subcategoryDescriptionHint": "Enter description",
  "subcategoryCategoryHint": "Select category",
  "subcategoryNameInputError": "Subcategory name not entered",
  "subcategoryCategoryInputError": "Subcategory category not entered",
  "productSettings": "Product Settings",
  "productMeasures": "Measurement Types",
  "productMeasureSubtitle": "Select measurement type",
  "measureNameLabel": "Measurement Type Name",
  "measureNameHint": "Enter name",
  "colorCodeInputError": "Color code not entered",
  "measureNameInputError": "Measurement type name not entered",
  "productSizeDescriptionLabel": "Product Size Description",
  "productSizeDescriptionHint": "Enter description",
  "productTypeInputError": "Product type not entered",
  "productBrandInputError": "Brand name not entered",
  "productModelInputError": "Model name not entered",
  "brandLabel": "Brand",
  "brandHint": "Enter brand",
  "productModelLabel": "Model",
  "productModelHint": "Enter model",
  "descriptionLabel": "Description",
  "descriptionHint": "Enter description",
  "productTitleLabel": "Product Title",
  "productTitleHint": "Enter product title",
  "productDescriptionLabel": "Product Description",
  "productDescriptionHint": "Enter description",
  "productInformationIdInputError": "Product ID not entered",
  "roleInputError": "Role not entered",
  "copy": "Copy",
  "productVariants": "Product Variants",
  "productBarcodeLabel": "Product Barcode",
  "productBarcodeHint": "Enter barcode",
  "comeInPriceLabel": "Purchase Price",
  "comeInPriceHint": "Enter purchase price",
  "currentPriceHint": "Enter current price",
  "currentPriceLabel": "Current Price",
  "oldPriceLabel": "Old Price",
  "oldPriceHint": "Enter old price",
  "discountLabel": "Discount",
  "discountHint": "Enter discount percentage",
  "amountLabel": "Amount",
  "amountHint": "Enter amount",
  "productMeasureHint": "Enter measurement type",
  "productVariantIsMain": "Main Variant",
  "barcodeInputError": "Barcode not entered",
  "comeInPriceInputError": "Purchase price not entered",
  "currentPriceInputError": "Current price not entered",
  "measureInputError": "Measurement type not entered",
  "errorResultCaptcha": "Captcha result incorrect",
  "check": "Check",
  "deleteProductVariantQuestion": "Are you sure you want to delete this product variant?",
  "close": "Close",
  "monthlySalesChartLabel": "Monthly Sales Chart",
  "colors": "Colors",
  "notFound": "Not Found",
  "enterBarcode": "Enter Barcode",
  "ruDescriptionHint": "Enter description in Russian",
  "enDescriptionHint": "Enter description in English",
  "size": "Size",
  "appVersions": "App Versions",
  "addCustomer": "Add Customer",
  "customerPhone": "Customer Phone",
  "customerName": "Customer Name",
  "total": "Total",
  "orderItemsInputError": "Order items not entered",
  "noOrdersFound": "No orders found",
  "status": "Status",
  "createdDate": "Created Date",
  "totalSumm": "Total Amount",
  "paymentType": "Payment Type",
  "customer": "Customer",
  "orderNumber": "Order Number",
  "completedOrders": "Completed Orders",
  "cancelledOrders": "Cancelled Orders",
  "waitingOrders": "Waiting Orders",
  "ordersStats": "Orders Statistics",
  "useCard": "Use Card",
  "useCash": "Use Cash",
  "useDebt": "Use Debt",
  "totalSales": "Total Sales",
  "totalProfit": "Total Profit",
  "totalComeInPrice": "Total Purchase Cost",
  "totalSummLabel": "Total Amount",
  "inProgress": "In Progress",
  "print": "Print",
  "height": "Height",
  "width": "Width",
  "amountInputError": "Amount not entered",
  "completed": "Completed",
  "cancelled": "Cancelled",
  "searchOrder": "Search order",
  "enterOrderNumber": "Enter order number",
  "findOrder": "Find order",
  "invalidOrderNumberFormat": "Invalid order number format",
  "orderNotFound": "Order not found",
  "editOrder": "Edit order",
  "returnOrder": "Return order",
  "create": "Create",
  "read": "Read",
  "mainMenu": "Main Menu",
  "overview": "Overview",
  "promos": "Promotions",
  "transactions": "Transactions",
  "inventory": "Inventory",
  "bankAccount": "Bank Account",
  "delivery": "Delivery",
  "search": "Search",
  "sort": "Sort",
  "totalOrders": "Total Orders",
  "todayOrdersChartLabel": "Today's Orders Chart",
  "transactionHistory": "Transaction History",
  "viewAll": "View All",
  "showProduct": "Show Product",
  "showProducts": "Show Products",
  "scanBarcode": "Scan Barcode",
  "all": "All",
  "selectTypeItemLabel": "Select by Type",
  "orderProducts": "Order Products",
  "productNameOrCode": "Product Name or Code",
  "selectedItemsCountLabel": "Selected Items Count",
  "clearAll": "Clear All",
  "orderSummaryLabel": "Order Summary",
  "subtotal": "Subtotal",
  "taxLabel": "Tax",
  "apply": "Apply",
  "pay": "Pay",
  "managePromo": "Manage Promotions",
  "addPromo": "Add Promotion",
  "totalCompletedOrders": "Total Completed Orders",
  "totalPendingOrders": "Total Pending Orders",
  "totalProducts": "Total Products",
  "edit": "Edit",
  "color": "Color",
  "price": "Price",
  "subcategory": "Subcategory",
  "rating": "Rating",
  "actions": "Actions",
  "others": "Others",
  "toOrder": "To Order",
  "inSale": "In Sale",
  "rates": "Rates",
  "previous": "Previous",
  "next": "Next",
  "replyToReview": "Reply to Review",
  "contact": "Contact",
  "orderCreatedSuccessfully": "Order Created Successfully",
  "productAddedToSet": "Product Added to Set",
  "productNotFound": "Product Not Found",
  "selectSeller": "Select Seller",
  "customerNameHint": "Customer Name",
  "aiHelp": "AI Help",
  "deleteSubcategoryQuestion": "Do you really want to delete the subcategory?",
  "limitedProductsLabel": "Limited Products",
  "addProductLabel": "Add Product",
  "generalInformationLabel": "General Information",
  "productParamsLabel": "Product Parameters",
  "cancel": "Cancel",
  "addProductVariant": "Add product variant",
  "tagnumberLabel": "Tag number",
  "amount": "Amount",
  "barcodeAndTagnumber": "Barcode and tag number",
  "tagnumber": "Tag number",
  "productsPageInfo": "View and manage products",
  "variantsNotFound": "Variants not found",
  "sizes": "Sizes",
  "ratings": "Ratings",
  "measures": "Measurement units",
  "addresses": "Addresses",
  "wishlists": "Wishlists",
  "orderItems": "Order items",
  "productImages": "Product images",
  "ratingPictures": "Rating pictures",
  "lastOrdersLabel": "Last orders",
  "ordersNotFound": "Orders not found",
  "all_products": "All products",
  "category_filter": "Filter by category",
  "subcategory_filter": "Filter by subcategory",
  "color_filter": "Filter by color",
  "size_filter": "Filter by size",
  "printing": "Receipt Printing",
  "shopName": "Shop Name",
  "shopNameHint": "Enter shop name",
  "paperHeight": "Paper Height",
  "paperHeightHint": "Enter paper height",
  "paperWidth": "Paper Width",
  "paperWidthHint": "Enter paper width",
  "downloadDriver": "Download Driver",
  "productCheckLabel": "Product Receipt",
  "orderCheckLabel": "Order Receipt",
  "inputMustBeNumberError": "The input must be a number",
  "savedSuccessfully": "Saved Successfully",
  "productInfoKeyLabel": "Product Key",
  "productInfoKeyHint": "Enter key",
  "productInfoValueLabel": "Product Value",
  "productInfoValueHint": "Enter value",
  "productInfoKeyError": "Invalid key",
  "productInfoValueError": "Invalid value",
  "sorryErrorText": "Sorry, an error occurred",
  "tryAgain": "Try again",
  "productParams": "Product Parameters",
  "chooseColor": "Choose color",
  "productColorNameInputError": "Invalid color name",
  "deleteProductColorQueastion": "Delete this color?",
  "productMeasureInputError": "Invalid measurement",
  "productMeasureLabel": "Product Measurement",
  "addProduct": "Add Product",
  "pricePercentHint": "Enter price percent",
  "sizeAndColorLabel": "Size and Color",
  "proTagnumberHint": "Enter tag number",
  "set": "Set",
  "toSet": "To Set",
  "updatedDate": "Updated Date",
  "createOrder": "Create Order",
  "seller": "Seller",
  "scheduleOrder": "Scheduled Order",
  "totalOrderSumm": "Total Order Amount",
  "enterNewPincode": "Enter new PIN code",
  "incorrectPincode": "Incorrect PIN code",
  "placeNameInputError": "Invalid place name",
  "places": "Places",
  "placeNameLabel": "Place Name",
  "placeNameHint": "Enter place name",
  "addPlace": "Add Place",
  "choosePlace": "Choose Place",
  "orderClosedSuccessfully": "Order closed successfully",
  "myOrders": "My Orders",
  "closedDate": "Closed Date",
  "place": "Place",
  "oldPincodeLabel": "Old PIN Code",
  "oldPincodeHint": "Enter old PIN code",
  "newPincodeLabel": "New PIN Code",
  "orderNote": "Order Note",
  "addNote": "Add Note",
  "addClient": "Add Client",
  "enterNoteForOrder": "Enter note for order",
  "customerNameInputError": "Invalid customer name",
  "customers": "Customers",
  "enterCustomerName": "Enter customer name",
  "enterCustomerPhone": "Enter customer phone",
  "percentNameInputError": "Invalid percent name",
  "percentInputError": "Invalid percent value",
  "percentsForOrder": "Percents for Order",
  "enterPercentName": "Enter percent name",
  "shopAddressHint": "Enter shop address",
  "orderCheckByeText": "Receipt farewell text",
  "shopAddressLabel": "Shop Address",
  "orderCheckByeTextHint": "Enter text",
  "shopLogoLabel": "Shop Logo",
  "phoneForPrintLabel": "Phone for Print",
  "enterPhoneNumber": "Enter phone number",
  "thanksForOrder": "Thank you for your order",
  "date": "Date",
  "stol": "Table",
  "selectedFilterResultSummLabel": "Selected filter result sum",
  "more": "More",
  "export": "Export",
  "confirmPayment": "Confirm Payment",
  "summ": "Amount",
  "note": "Note",
  "addTransactionLabel": "Add Transaction",
  "opened": "Opened",
  "other": "Other",
  "click": "Click",
  "payme": "Payme",
  "productColorLabel": "Product Color",
  "ofitsant": "Waiter",
  "admin": "Admin",
  "kassir": "Cashier",
  "oshpaz": "Chef",
  "manager": "Manager"
}