{
  "newCategory": "Новая категория",
  "orders": "Заказы",
  "Orders": "Заказы",
  "categories": "Категории",
  "Categories": "Категории",
  "categoryNameLabel": "Название категории",
  "categoryNameHint": "Введите название категории",
  "categoryImage": "Изображение категории",
  "uploadImage": "Загрузить изображение",
  "addCategoryBtn": "Добавить категорию",
  "warehouseLabel": "Название склада",
  "warehouseHint": "Введите название склада",
  "warehouseInfoHint": "Введите информацию о складе",
  "addBTN": "Добавить",
  "newWarehouse": "Новый склад",
  "addProductAppbarTitle": "Добавить продукт",
  "addProductNameLabel": "Название продукта",
  "addProductNameHint": "Введите название продукта",
  "addProductInfoHint": "Введите информацию о продукте",
  "addProductInfoLabel": "Информация о продукте",
  "addProductCategoryLabel": "Название категории продукта",
  "addProductCategoryHint": "Введите категорию продукта",
  "addProductGenderLabel": "Название пола продукта",
  "addProductGenderHint": "Введите пол продукта",
  "addProductBrand": "Бренд продукта",
  "addProductBrandHint": "Введите бренд продукта",
  "addProductSize": "Размер продукта",
  "addProductSizeHint": "Введите размер продукта",
  "addProductPrice": "Цена продукта",
  "addProductPriceHint": "Введите цену продукта",
  "addProductCurrency": "Валюта",
  "addProductDiscount": "Скидка",
  "addProductTax": "Налог",
  "addProductTaxHint": "Введите информацию о налоге",
  "addProductShop": "Магазин",
  "addProductShopHint": "Введите информацию о магазине",
  "addProductWarehouseHint": "Введите информацию о складе",
  "addProductWarehouse": "Склад продукта",
  "addProductWeightOrCount": "Вес или количество",
  "addProductWeightOrCountHint": "Введите вес или количество",
  "addProductWightType": "Тип веса",
  "addProductColor": "Цвет продукта",
  "newShopAppbar": "Новый магазин",
  "newShopLabel": "Название магазина",
  "newShopNameHint": "Введите название магазина",
  "shopInfoHint": "Введите информацию о магазине",
  "addProductItemLabel": "Название элемента продукта",
  "addProductItemButtonTitle": "Добавить элемент",
  "imageLabel": "Название изображения",
  "addProductDiscountHint": "Введите информацию о скидке",
  "addProductWeight": "Вес",
  "addProductWeightHint": "Введите вес",
  "add": "Добавить",
  "delete": "Удалить",
  "employees": "Сотрудники",
  "employeeNameLabel": "Имя сотрудника",
  "employeeNameHint": "Введите имя сотрудника",
  "employeePhoneLabel": "Номер телефона сотрудника",
  "employeePhoneHint": "Введите номер телефона сотрудника",
  "employeeRoleLabel": "Роль сотрудника",
  "employeeRoleHint": "Введите роль сотрудника",
  "login": "Вход в систему",
  "loginHint": "Введите логин",
  "passwordHint": "Введите пароль",
  "loginInputError": "Логин введен неправильно",
  "passwordInputError": "Пароль введен неправильно",
  "roleNameLabel": "Название роли",
  "roleNameHint": "Введите название роли",
  "roleNameInputError": "Название роли неверное",
  "nameInputError": "Имя введено неверно",
  "phoneInputError": "Телефон введен неправильно",
  "copied": "Скопировано",
  "deleteEmployeeRequest": "Запрос на удаление сотрудника",
  "employeePasswordLabel": "Пароль сотрудника",
  "employeePasswordHint": "Введите пароль сотрудника",
  "categoryDescriptionHint": "Введите описание категории",
  "categoryDescriptionLabel": "Описание категории",
  "categoryNameInputError": "Название категории неверное",
  "deleteCategoryQuestion": "Удалить категорию?",
  "update": "Обновить",
  "productFeatures": "Характеристики продукта",
  "productSizes": "Размеры продукта",
  "productSizesSubtitle": "Информация о размерах продукта",
  "productColors": "Цвета продукта",
  "productColorsSubtitle": "Информация о цветах продукта",
  "productTags": "Теги продукта",
  "productTagsSubtitle": "Информация о тегах продукта",
  "colorNameLabel": "Название цвета",
  "colorNameHint": "Введите название цвета",
  "pickColorHint": "Выберите цвет",
  "colorNameInputError": "Название цвета неверное",
  "deleteColorQuestion": "Удалить цвет?",
  "productSizeLabel": "Название размера продукта",
  "productSizeHint": "Введите размер продукта",
  "productSizeInputError": "Размер продукта неверный",
  "deleteSizeRequest": "Запрос на удаление размера",
  "socialTagInputError": "Тег введен неправильно",
  "deleteSocialTagQuestion": "Удалить тег?",
  "socialTagLabel": "Название тега",
  "socialTagHint": "Введите название тега",
  "productInformation": "Информация о продукте",
  "productInformationSubtitle": "Информация о продукте",
  "materialLabel": "Название материала",
  "materialHint": "Введите название материала",
  "careLabelLabel": "Название ярлыка ухода",
  "careLabelHint": "Введите ярлык ухода",
  "skuLabel": "Название SKU",
  "skuHint": "Введите SKU",
  "neckLabel": "Название горловины",
  "neckHint": "Введите тип горловины",
  "patternLabel": "Название узора",
  "patternHint": "Введите узор",
  "materialInputError": "Материал введен неправильно",
  "deleteProductInformationQuestion": "Удалить информацию о продукте?",
  "searchBarHint": "Введите слово для поиска",
  "productName": "Название продукта",
  "productPrice": "Цена продукта",
  "productInSale": "Продукт на скидке",
  "productCategory": "Категория продукта",
  "productSubcategory": "Подкатегория продукта",
  "productCount": "Количество продукта",
  "productImage": "Изображение продукта",
  "productSlug": "Слаг продукта",
  "warehouseAddressHint": "Введите адрес склада",
  "addressInputError": "Адрес введен неправильно",
  "deleteWarehouseRequest": "Запрос на удаление склада",
  "addProductSubcategoryLabel": "Название подкатегории продукта",
  "addProductSubcategoryHint": "Введите подкатегорию продукта",
  "addProductInformationLabel": "Название информации о продукте",
  "addProductInformationHint": "Введите информацию о продукте",
  "addProductOriginalPriceHint": "Введите оригинальную цену",
  "addProductOriginalPriceLabel": "Название оригинальной цены",
  "categoryInputError": "Категория введена неправильно",
  "subcategoryInputError": "Подкатегория введена неправильно",
  "warehouseInputError": "Склад введен неправильно",
  "deleteProductQuestion": "Удалить продукт?",
  "productNameInputError": "Название продукта неверное",
  "productItemColor": "Цвет продукта",
  "productItemColorSubtitle": "Показать цвета продукта",
  "addShop": "Добавить магазин",
  "mainPage": "Главная страница",
  "organizations": "Организации",
  "products": "Продукты",
  "reviews": "Отзывы",
  "reports": "Отчеты",
  "monitoring": "Мониторинг",
  "notifications": "Уведомления",
  "news": "Новости",
  "users": "Пользователи",
  "changesHistory": "История изменений",
  "settings": "Настройки",
  "changeThemeMode": "Изменить тему",
  "addEmployeeBtn": "Добавить сотрудника",
  "changeLanguage": "Изменить язык",
  "roles": "Роли",
  "dataNotFound": "Данные не найдены",
  "addRole": "Добавить роль",
  "roleDescriptionLabel": "Описание роли",
  "roleDescriptionHint": "Введите описание",
  "rolePermissionsLabel": "Разрешения роли",
  "rolePermissionsInputError": "Разрешения не введены",
  "deleteRoleQuestion": "Вы действительно хотите удалить эту роль?",
  "logout": "Выйти",
  "logoutQuestionText": "Вы действительно хотите выйти из системы?",
  "employeeImageLabel": "Изображение сотрудника",
  "addOrganizationBTN": "Добавить организацию",
  "warehouseAddressLabel": "Адрес склада",
  "warehouseDescriptionHint": "Введите описание",
  "warehouseDescriptionLabel": "Описание склада",
  "warehouseOwnerPhoneLabel": "Телефон владельца склада",
  "warehouseOwnerPhoneHint": "Введите номер телефона",
  "warehouseCoordinatesLabel": "Координаты склада",
  "locationPermissionMessage": "Разрешите доступ к местоположению",
  "productPermissionsLabel": "Разрешения на товар",
  "subcategories": "Подкатегории",
  "addSubcategory": "Добавить подкатегорию",
  "subcategoryNameHint": "Введите название",
  "subcategoryDescriptionHint": "Введите описание",
  "subcategoryCategoryHint": "Выберите категорию",
  "subcategoryNameInputError": "Название подкатегории не введено",
  "subcategoryCategoryInputError": "Категория подкатегории не введена",
  "productSettings": "Настройки товара",
  "productMeasures": "Единицы измерения",
  "productMeasureSubtitle": "Выберите единицу измерения",
  "measureNameLabel": "Название единицы измерения",
  "measureNameHint": "Введите название",
  "colorCodeInputError": "Цветовой код не введен",
  "measureNameInputError": "Название единицы измерения не введено",
  "productSizeDescriptionLabel": "Описание размера товара",
  "productSizeDescriptionHint": "Введите описание",
  "productTypeInputError": "Тип товара не введен",
  "productBrandInputError": "Бренд не введен",
  "productModelInputError": "Модель не введена",
  "brandLabel": "Бренд",
  "brandHint": "Введите бренд",
  "productModelLabel": "Модель",
  "productModelHint": "Введите модель",
  "descriptionLabel": "Описание",
  "descriptionHint": "Введите описание",
  "productTitleLabel": "Название товара",
  "productTitleHint": "Введите название товара",
  "productDescriptionLabel": "Описание товара",
  "productDescriptionHint": "Введите описание",
  "productInformationIdInputError": "ID товара не введен",
  "roleInputError": "Роль не введена",
  "copy": "Копировать",
  "close": "Закрыть",
  "notFound": "Не найдено",
  "enterBarcode": "Введите штрих-код",
  "ruDescriptionHint": "Введите описание на русском",
  "enDescriptionHint": "Введите описание на английском",
  "size": "Размер",
  "appVersions": "Версии приложения",
  "addCustomer": "Добавить клиента",
  "customerPhone": "Телефон клиента",
  "customerName": "Имя клиента",
  "total": "Итого",
  "orderItemsInputError": "Товары заказа не введены",
  "noOrdersFound": "Заказы не найдены",
  "status": "Статус",
  "createdDate": "Дата создания",
  "totalSumm": "Общая сумма",
  "paymentType": "Тип оплаты",
  "customer": "Клиент",
  "orderNumber": "Номер заказа",
  "completedOrders": "Завершённые заказы",
  "cancelledOrders": "Отменённые заказы",
  "waitingOrders": "Ожидающие заказы",
  "ordersStats": "Статистика заказов",
  "useCard": "Оплата картой",
  "useCash": "Оплата наличными",
  "useDebt": "Оплата в долг",
  "totalSales": "Общий объём продаж",
  "totalProfit": "Общая прибыль",
  "totalComeInPrice": "Общая себестоимость",
  "totalSummLabel": "Общая сумма",
  "inProgress": "В процессе",
  "print": "Печать",
  "height": "Высота",
  "width": "Ширина",
  "productColorHint": "Введите цвет товара",
  "productImageLabel": "Изображение товара",
  "no": "Нет",
  "yes": "Да",
  "pCategory": "Категория товара",
  "cash": "Наличные",
  "card": "Карта",
  "debt": "Долг",
  "pSubcategory": "Подкатегория продукта",
  "save": "Сохранить",
  "addBtn": "Добавить",
  "productVariants": "Варианты товара",
  "productBarcodeLabel": "Штрих-код",
  "productBarcodeHint": "Введите штрих-код",
  "comeInPriceLabel": "Закупочная цена",
  "comeInPriceHint": "Введите закупочную цену",
  "currentPriceHint": "Введите текущую цену",
  "currentPriceLabel": "Текущая цена",
  "oldPriceLabel": "Старая цена",
  "oldPriceHint": "Введите старую цену",
  "discountLabel": "Скидка",
  "discountHint": "Введите процент скидки",
  "amountLabel": "Количество",
  "amountHint": "Введите количество",
  "productMeasureHint": "Введите единицу измерения",
  "productVariantIsMain": "Основной вариант",
  "barcodeInputError": "Штрих-код не введён",
  "comeInPriceInputError": "Закупочная цена не введена",
  "currentPriceInputError": "Текущая цена не введена",
  "measureInputError": "Единица измерения не введена",
  "errorResultCaptcha": "Результат капчи неверный",
  "amountInputError": "Количество не введено",
  "completed": "Выполнено",
  "cancelled": "Отменено",
  "searchOrder": "Поиск заказа",
  "enterOrderNumber": "Введите номер заказа",
  "findOrder": "Найти заказ",
  "invalidOrderNumberFormat": "Неверный формат номера заказа",
  "orderNotFound": "Заказ не найден",
  "editOrder": "Редактировать заказ",
  "returnOrder": "Вернуть заказ",
  "create": "Создать",
  "read": "Читать",
  "mainMenu": "Главное меню",
  "overview": "Обзор",
  "promos": "Акции и скидки",
  "transactions": "Транзакции",
  "inventory": "Склад",
  "bankAccount": "Банковский счёт",
  "delivery": "Доставка",
  "search": "Поиск",
  "sort": "Сортировка",
  "totalOrders": "Общее количество заказов",
  "todayOrdersChartLabel": "График заказов за сегодня",
  "transactionHistory": "История транзакций",
  "viewAll": "Посмотреть все",
  "showProduct": "Посмотреть продукт",
  "showProducts": "Посмотреть продукты",
  "scanBarcode": "Сканировать штрих-код",
  "all": "Все",
  "selectTypeItemLabel": "Выберите по типу",
  "orderProducts": "Товары заказа",
  "productNameOrCode": "Название или код продукта",
  "selectedItemsCountLabel": "Количество выбранных товаров",
  "clearAll": "Очистить все",
  "orderSummaryLabel": "Сводка заказа",
  "subtotal": "Промежуточный итог",
  "taxLabel": "Налог",
  "apply": "Применить",
  "pay": "Оплатить",
  "managePromo": "Управление акциями",
  "addPromo": "Добавить акцию",
  "totalCompletedOrders": "Всего завершенных заказов",
  "totalPendingOrders": "Всего ожидающих заказов",
  "totalProducts": "Всего товаров",
  "edit": "Редактировать",
  "color": "Цвет",
  "price": "Цена",
  "subcategory": "Подкатегория",
  "rating": "Рейтинг",
  "actions": "Действия",
  "others": "Другие",
  "toOrder": "Заказать",
  "inSale": "В продаже",
  "rates": "Оценки",
  "previous": "Предыдущий",
  "next": "Следующий",
  "replyToReview": "Ответить на отзыв",
  "contact": "Контакт",
  "orderCreatedSuccessfully": "Заказ успешно создан",
  "productAddedToSet": "Товар добавлен в набор",
  "productNotFound": "Товар не найден",
  "selectSeller": "Выберите продавца",
  "customerNameHint": "Имя клиента",
  "aiHelp": "Помощь AI",
  "deleteSubcategoryQuestion": "Вы действительно хотите удалить подкатегорию?",
  "limitedProductsLabel": "Ограниченные товары",
  "addProductLabel": "Добавить товар",
  "generalInformationLabel": "Общая информация",
  "productParamsLabel": "Параметры товара",
  "cancel": "Отмена",
  "addProductVariant": "Добавить вариант товара",
  "tagnumberLabel": "Номер тега",
  "amount": "Количество",
  "barcodeAndTagnumber": "Штрихкод и номер тега",
  "tagnumber": "Номер тега",
  "productsPageInfo": "Просмотр и управление товарами",
  "variantsNotFound": "Варианты не найдены",
  "sizes": "Размеры",
  "ratings": "Рейтинги",
  "measures": "Единицы измерения",
  "addresses": "Адреса",
  "wishlists": "Список желаемого",
  "orderItems": "Товары в заказе",
  "productImages": "Изображения товара",
  "ratingPictures": "Изображения рейтинга",
  "lastOrdersLabel": "Последние заказы",
  "ordersNotFound": "Заказы не найдены",
  "all_products": "Все товары",
  "category_filter": "Фильтр по категории",
  "subcategory_filter": "Фильтр по подкатегории",
  "color_filter": "Фильтр по цвету",
  "size_filter": "Фильтр по размеру",
  "printing": "Печать чека",
  "shopName": "Название магазина",
  "shopNameHint": "Введите название магазина",
  "paperHeight": "Высота бумаги",
  "paperHeightHint": "Введите высоту бумаги",
  "paperWidth": "Ширина бумаги",
  "paperWidthHint": "Введите ширину бумаги",
  "downloadDriver": "Скачать драйвер",
  "productCheckLabel": "Чек на товар",
  "orderCheckLabel": "Чек на заказ",
  "inputMustBeNumberError": "Введенное значение должно быть числом",
  "savedSuccessfully": "Успешно сохранено"
}