{
  "newCategory": "Yangi kategoriya",
  "orders": "Buyurtmalar",
  "Orders": "Buyurtmalar",
  "Categories": "Kategoriyalar",
  "addRole": "Yangi lavozim",
  "categories": "Kategoriyalar",
  "categoryNameLabel": "Kategoriya nomi",
  "categoryNameHint": "Kategoriya nomini kiriting",
  "categoryImage": "Kategoriya rasmi",
  "uploadImage": "Rasm yuklash",
  "addCategoryBtn": "Kategoriya qo'shish",
  "warehouseLabel": "Ombor nomi",
  "warehouseHint": "Ombor nomini kiriting",
  "warehouseInfoHint": "Ombor haqida ma'lumot kiriting",
  "addBTN": "Qo'shish",
  "newWarehouse": "Yangi ombor",
  "addProductAppbarTitle": "Mahsulot qo'shish",
  "addProductNameLabel": "Mahsulot nomi",
  "addProductNameHint": "Mahsulot nomini kiriting",
  "addProductInfoHint": "Mahsulot haqida ma'lumot kiriting",
  "addProductInfoLabel": "Mahsulot haqida ma'lumot",
  "addProductCategoryLabel": "Mahsulot kategoriyasi nomi",
  "addProductCategoryHint": "Mahsulot kategoriyasini kiriting",
  "addProductGenderLabel": "Mahsulot jinsi nomi",
  "addProductGenderHint": "Mahsulot jinsini kiriting",
  "addProductBrand": "Mahsulot brendi",
  "addProductBrandHint": "Mahsulot brendini kiriting",
  "addProductSize": "Mahsulot o'lchami",
  "addProductSizeHint": "Mahsulot o'lchamini kiriting",
  "addProductPrice": "Mahsulot narxi",
  "addProductPriceHint": "Mahsulot narxini kiriting",
  "addProductCurrency": "Valyuta",
  "addProductDiscount": "Chegirma",
  "addProductTax": "Soliq",
  "addProductTaxHint": "Soliq haqida ma'lumot kiriting",
  "addProductShop": "Do'kon",
  "addProductShopHint": "Do'kon haqida ma'lumot kiriting",
  "addProductWarehouseHint": "Ombor haqida ma'lumot kiriting",
  "addProductWarehouse": "Mahsulot ombori",
  "addProductWeightOrCount": "Og'irlik yoki miqdor",
  "addProductWeightOrCountHint": "Og'irlik yoki miqdorni kiriting",
  "addProductWightType": "Og'irlik turi",
  "addProductColor": "Mahsulot rangi",
  "newShopAppbar": "Yangi do'kon",
  "newShopLabel": "Do'kon nomi",
  "newShopNameHint": "Do'kon nomini kiriting",
  "shopInfoHint": "Do'kon haqida ma'lumot kiriting",
  "addProductItemLabel": "Mahsulot elementi nomi",
  "addProductItemButtonTitle": "Element qo'shish",
  "imageLabel": "Rasm nomi",
  "addProductDiscountHint": "Chegirma haqida ma'lumot kiriting",
  "addProductWeight": "Og'irlik",
  "addProductWeightHint": "Og'irlikni kiriting",
  "add": "Qo'shish",
  "delete": "O'chirish",
  "employees": "Xodimlar",
  "employeeNameLabel": "Xodim nomi",
  "employeeNameHint": "Xodim nomini kiriting",
  "employeePhoneLabel": "Xodim telefon raqami nomi",
  "employeePhoneHint": "Xodim telefon raqamini kiriting",
  "employeeRoleLabel": "Xodim roli nomi",
  "employeeRoleHint": "Xodim rolini kiriting",
  "login": "Tizimga kirish",
  "loginHint": "Loginni kiriting",
  "passwordHint": "Parolni kiriting",
  "loginInputError": "Login noto'g'ri kiritilgan",
  "passwordInputError": "Parol noto'g'ri kiritilgan",
  "roleNameLabel": "Rol nomi",
  "roleNameHint": "Rol nomini kiriting",
  "roleNameInputError": "Rol nomi noto'g'ri",
  "nameInputError": "Ism noto'g'ri",
  "phoneInputError": "Telefon noto'g'ri kiritilgan",
  "copied": "Nusxa olindi",
  "deleteEmployeeRequest": "Xodimni o'chirish so'rovi",
  "employeePasswordLabel": "Xodim paroli nomi",
  "employeePasswordHint": "Xodim parolini kiriting",
  "categoryDescriptionHint": "Kategoriya tavsifini kiriting",
  "categoryDescriptionLabel": "Kategoriya tavsifi nomi",
  "categoryNameInputError": "Kategoriya nomi noto'g'ri",
  "deleteCategoryQuestion": "Kategoriyani o'chirasizmi?",
  "update": "Yangilash",
  "productFeatures": "Mahsulot xususiyatlari",
  "productSizes": "Mahsulot o'lchamlari",
  "productSizesSubtitle": "Mahsulot o'lchamlari haqida ma'lumot",
  "productColors": "Mahsulot ranglari",
  "productColorsSubtitle": "Mahsulot ranglari haqida ma'lumot",
  "productTags": "Mahsulot teglar",
  "productTagsSubtitle": "Mahsulot teglar haqida ma'lumot",
  "colorNameLabel": "Rang nomi",
  "colorNameHint": "Rang nomini kiriting",
  "pickColorHint": "Rangni tanlang",
  "colorNameInputError": "Rang nomi noto'g'ri",
  "deleteColorQuestion": "Rangni o'chirasizmi?",
  "productSizeLabel": "Mahsulot o'lchami nomi",
  "productSizeHint": "Mahsulot o'lchamini kiriting",
  "productSizeInputError": "Mahsulot o'lchami noto'g'ri",
  "deleteSizeRequest": "O'lchamni o'chirish so'rovi",
  "socialTagInputError": "Teg noto'g'ri kiritilgan",
  "deleteSocialTagQuestion": "Tegni o'chirasizmi?",
  "socialTagLabel": "Teg nomi",
  "socialTagHint": "Teg nomini kiriting",
  "productInformation": "Mahsulot ma'lumotlari",
  "productInformationSubtitle": "Mahsulot ma'lumotlari haqida",
  "materialLabel": "Material nomi",
  "materialHint": "Material nomini kiriting",
  "careLabelLabel": "Parvarish yorlig'i nomi",
  "careLabelHint": "Parvarish yorlig'ini kiriting",
  "skuLabel": "SKU nomi",
  "skuHint": "SKU ni kiriting",
  "neckLabel": "Bo'yin nomi",
  "neckHint": "Bo'yin turini kiriting",
  "patternLabel": "Nusxa nomi",
  "patternHint": "Nusxani kiriting",
  "materialInputError": "Material noto'g'ri kiritilgan",
  "deleteProductInformationQuestion": "Mahsulot ma'lumotini o'chirasizmi?",
  "searchBarHint": "Qidiruv uchun so'z kiriting",
  "productName": "Mahsulot nomi",
  "productPrice": "Mahsulot narxi",
  "productInSale": "Chegirmada mahsulot",
  "productCategory": "Mahsulot kategoriyasi",
  "productSubcategory": "Mahsulot subkategoriyasi",
  "productCount": "Mahsulot soni",
  "productImage": "Mahsulot rasmi",
  "productSlug": "Mahsulot slugi",
  "warehouseAddressHint": "Ombor manzilini kiriting",
  "addressInputError": "Manzil noto'g'ri kiritilgan",
  "deleteWarehouseRequest": "Omborni o'chirish so'rovi",
  "addProductSubcategoryLabel": "Mahsulot subkategoriyasi nomi",
  "addProductSubcategoryHint": "Mahsulot subkategoriyasini kiriting",
  "addProductInformationLabel": "Mahsulot haqida ma'lumot nomi",
  "addProductInformationHint": "Mahsulot haqida ma'lumot kiriting",
  "addProductOriginalPriceHint": "Asl narxni kiriting",
  "addProductOriginalPriceLabel": "Asl narx nomi",
  "categoryInputError": "Kategoriya noto'g'ri",
  "subcategoryInputError": "Subkategoriya noto'g'ri",
  "warehouseInputError": "Ombor noto'g'ri",
  "deleteProductQuestion": "Mahsulotni o'chirasizmi?",
  "productNameInputError": "Mahsulot nomi noto'g'ri",
  "productItemColor": "Mahsulot rangi",
  "productItemColorSubtitle": "Mahsulot ranglarini ko'rsatish",
  "addShop": "Do'kon qo'shish",
  "mainPage": "Asosiy sahifa",
  "organizations": "Tashkilotlar",
  "products": "Mahsulotlar",
  "reviews": "Sharhlar",
  "reports": "Hisobotlar",
  "monitoring": "Monitoring",
  "roles": "Lavozimlar",
  "notifications": "Bildirishnomalar",
  "news": "Yangiliklar",
  "users": "Foydalanuvchilar",
  "changesHistory": "O'zgarishlar tarixi",
  "settings": "Sozlamalar",
  "changeThemeMode": "Mavzuni o'zgartirish",
  "changeLanguage": "Tilni o'zgartirish",
  "addEmployeeBtn": "Xodim qo'shish",
  "dataNotFound": "Ma'lumot topilmadi",
  "roleDescriptionLabel": "Rol tavsifi",
  "roleDescriptionHint": "Tavsif kiriting",
  "rolePermissionsLabel": "Rol ruxsatnomalari",
  "rolePermissionsInputError": "Ruxsatnomalar kiritilmagan",
  "deleteRoleQuestion": "Rostdan ham ushbu rolni o'chirmoqchimisiz?",
  "logout": "Chiqish",
  "logoutQuestionText": "Rostdan ham tizimdan chiqmoqchimisiz?",
  "employeeImageLabel": "Xodim rasmi",
  "addOrganizationBTN": "Tashkilot qo'shish",
  "warehouseAddressLabel": "Ombor manzili",
  "warehouseDescriptionHint": "Tavsif kiriting",
  "warehouseDescriptionLabel": "Ombor tavsifi",
  "warehouseOwnerPhoneLabel": "Ombor egasi telefoni",
  "warehouseOwnerPhoneHint": "Telefon raqamini kiriting",
  "warehouseCoordinatesLabel": "Ombor koordinatalari",
  "locationPermissionMessage": "Joylashuv ruxsatini bering",
  "productPermissionsLabel": "Mahsulot ruxsatlari",
  "subcategories": "Subkategoriyalar",
  "addSubcategory": "Subkategoriya qo'shish",
  "subcategoryNameHint": "Nomi kiriting",
  "subcategoryDescriptionHint": "Tavsif kiriting",
  "subcategoryCategoryHint": "Kategoriya tanlang",
  "subcategoryNameInputError": "Subkategoriya nomi kiritilmagan",
  "subcategoryCategoryInputError": "Subkategoriya kategoriyasi kiritilmagan",
  "productSettings": "Mahsulot sozlamalari",
  "productMeasures": "Miqdor turlari",
  "productMeasureSubtitle": "Miqdor turlarini belgilang",
  "measureNameLabel": "Miqdor turi nomi",
  "measureNameHint": "Nomini kiriting",
  "colorCodeInputError": "Rang kodi kiritilmagan",
  "measureNameInputError": "Miqdor turi nomi kiritilmagan",
  "productSizeDescriptionLabel": "Mahsulot hajmi tavsifi",
  "productSizeDescriptionHint": "Tavsif kiriting",
  "productTypeInputError": "Mahsulot turi kiritilmagan",
  "productBrandInputError": "Brend nomi kiritilmagan",
  "productModelInputError": "Model nomi kiritilmagan",
  "brandLabel": "Brend",
  "brandHint": "Brend nomini kiriting",
  "productModelLabel": "Model",
  "productModelHint": "Model nomini kiriting",
  "descriptionLabel": "Tavsif",
  "descriptionHint": "Tavsif kiriting",
  "productTitleLabel": "Mahsulot nomi",
  "productTitleHint": "Mahsulot nomini kiriting",
  "productDescriptionLabel": "Mahsulot tavsifi",
  "productDescriptionHint": "Tavsif kiriting",
  "productInformationIdInputError": "Mahsulot ID kiritilmagan",
  "roleInputError": "Rol kiritilmagan",
  "copy": "Nusxalash",
  "productVariants": "Mahsulot variantlari",
  "productBarcodeLabel": "Shtrix kod",
  "productBarcodeHint": "Shtrix kod kiriting",
  "comeInPriceLabel": "Kelish narxi",
  "comeInPriceHint": "Kelish narxini kiriting",
  "currentPriceHint": "Joriy narxni kiriting",
  "currentPriceLabel": "Joriy narx",
  "oldPriceLabel": "Eski narx",
  "oldPriceHint": "Eski narxni kiriting",
  "discountLabel": "Chegirma",
  "discountHint": "Chegirma foizini kiriting",
  "amountLabel": "Miqdor",
  "amountHint": "Miqdor kiriting",
  "productMeasureHint": "Miqdor turini kiriting",
  "productVariantIsMain": "Asosiy variant",
  "barcodeInputError": "Shtrix kod kiritilmagan",
  "comeInPriceInputError": "Kelish narxi kiritilmagan",
  "currentPriceInputError": "Joriy narx kiritilmagan",
  "measureInputError": "Miqdor turi kiritilmagan",
  "errorResultCaptcha": "Captcha natijasi noto'g'ri",
  "check": "Tekshirish",
  "deleteProductVariantQuestion": "Mahsulot variantini o‘chirmoqchimisiz?",
  "close": "Yopish",
  "monthlySalesChartLabel": "Oylik savdo grafigi",
  "colors": "Ranglar",
  "notFound": "Topilmadi",
  "enterBarcode": "Shtrix kodni kiriting",
  "ruDescriptionHint": "Rus tilida tavsif kiriting",
  "enDescriptionHint": "Ingliz tilida tavsif kiriting",
  "size": "O'lcham",
  "appVersions": "Ilova versiyalari",
  "addCustomer": "Mijoz qo'shish",
  "customerPhone": "Mijoz telefon raqami",
  "customerName": "Mijoz ismi",
  "total": "Jami",
  "orderItemsInputError": "Buyurtma mahsulotlari kiritilmagan",
  "noOrdersFound": "Buyurtmalar topilmadi",
  "status": "Holat",
  "createdDate": "Yaratilgan sana",
  "totalSumm": "Jami summa",
  "paymentType": "To'lov turi",
  "customer": "Mijoz",
  "orderNumber": "Buyurtma raqami",
  "completedOrders": "Yakunlangan buyurtmalar",
  "cancelledOrders": "Bekor qilingan buyurtmalar",
  "waitingOrders": "Kutayotgan buyurtmalar",
  "ordersStats": "Buyurtmalar statistikasi",
  "useCard": "Karta orqali to'lash",
  "useCash": "Naqd pul bilan to'lash",
  "useDebt": "Qarzga olish",
  "totalSales": "Jami sotuvlar",
  "totalProfit": "Jami foyda",
  "totalComeInPrice": "Jami xarajat",
  "totalSummLabel": "Jami summa",
  "inProgress": "Jarayonda",
  "print": "Chop etish",
  "height": "Balandlik",
  "width": "Kenglik",
  "productColorHint": "Mahsulot rangini kiriting",
  "productImageLabel": "Mahsulot rasmi",
  "no": "Yo'q",
  "yes": "Ha",
  "pCategory": "Mahsulot kategoriyasi",
  "cash": "Naqd pul",
  "card": "Karta",
  "debt": "Qarz",
  "pSubcategory": "Mahsulot subkategoriyasi",
  "save": "Saqlash",
  "addBtn": "Qo'shish",
  "amountInputError": "Miqdor kiritilmagan",
  "completed": "Bajarilgan",
  "cancelled": "Bekor qilingan",
  "searchOrder": "Buyurtma qidirish",
  "enterOrderNumber": "Buyurtma raqamini kiriting",
  "findOrder": "Buyurtmani topish",
  "invalidOrderNumberFormat": "Buyurtma raqami noto'g'ri formatda",
  "orderNotFound": "Buyurtma topilmadi",
  "editOrder": "Buyurtmani tahrirlash",
  "returnOrder": "Buyurtmani qaytarish",
  "create": "Yaratish",
  "read": "O'qish",
  "mainMenu": "Asosiy menyu",
  "overview": "Umumiy ko'rinish",
  "promos": "Aksiya va chegirmalar",
  "transactions": "Tranzaksiyalar",
  "inventory": "Ombor",
  "bankAccount": "Bank hisobi",
  "delivery": "Yetkazib berish",
  "search": "Qidirish",
  "sort": "Saralash",
  "totalOrders": "Jami buyurtmalar",
  "todayOrdersChartLabel": "Bugungi buyurtmalar jadvali",
  "transactionHistory": "Tranzaksiya tarixi",
  "viewAll": "Barchasini ko‘rish",
  "showProduct": "Mahsulotni ko‘rish",
  "showProducts": "Mahsulotlarni ko‘rish",
  "scanBarcode": "Shtrix-kodni skanerlash",
  "all": "Barchasi",
  "selectTypeItemLabel": "Turi bo‘yicha tanlang",
  "orderProducts": "Buyurtma mahsulotlari",
  "productNameOrCode": "Mahsulot nomi yoki kodi",
  "selectedItemsCountLabel": "Tanlangan mahsulotlar soni",
  "clearAll": "Hammasini tozalash",
  "orderSummaryLabel": "Buyurtma hisobotlari",
  "subtotal": "Oraliq yig‘indi",
  "taxLabel": "Soliq",
  "apply": "Qo‘llash",
  "pay": "To‘lash",
  "managePromo": "Aksiyalarni boshqarish",
  "addPromo": "Aksiya qo‘shish",
  "totalCompletedOrders": "Jami bajarilgan buyurtmalar",
  "totalPendingOrders": "Jami kutilayotgan buyurtmalar",
  "totalProducts": "Jami mahsulotlar",
  "edit": "Tahrirlash",
  "color": "Rang",
  "price": "Narx",
  "subcategory": "Subkategoriya",
  "rating": "Reyting",
  "actions": "Harakatlar",
  "others": "Boshqalar",
  "toOrder": "Buyurtma qilish",
  "inSale": "Sotuvda",
  "rates": "Baholar",
  "previous": "Oldingi",
  "next": "Keyingi",
  "replyToReview": "Sharhga javob berish",
  "contact": "Aloqa",
  "orderCreatedSuccessfully": "Buyurtma muvaffaqiyatli yaratildi",
  "productAddedToSet": "Mahsulot to‘plamga qo‘shildi",
  "productNotFound": "Mahsulot topilmadi",
  "selectSeller": "Sotuvchini tanlang",
  "customerNameHint": "Mijoz ismi",
  "aiHelp": "AI yordam",
  "deleteSubcategoryQuestion": "Subkategoriyani o‘chirishni xohlaysizmi?",
  "limitedProductsLabel": "Cheklangan mahsulotlar",
  "addProductLabel": "Mahsulot qo‘shish",
  "generalInformationLabel": "Umumiy ma'lumot",
  "productParamsLabel": "Mahsulot parametrlari",
  "cancel": "Bekor qilish",
  "addProductVariant": "Mahsulot varianti qo'shish",
  "tagnumberLabel": "Teg raqami",
  "amount": "Miqdor",
  "barcodeAndTagnumber": "Shtrixkod va teg raqami",
  "tagnumber": "Teg raqami",
  "productsPageInfo": "Mahsulotlarni ko'rish va boshqarish",
  "variantsNotFound": "Variantlar topilmadi",
  "sizes": "O'lchamlar",
  "ratings": "Baholar",
  "measures": "O'lchov birliklari",
  "addresses": "Manzillar",
  "wishlists": "Istaklar ro'yxati",
  "orderItems": "Buyurtma mahsulotlari",
  "productImages": "Mahsulot rasmlari",
  "ratingPictures": "Baholash rasmlari",
  "lastOrdersLabel": "Oxirgi buyurtmalar",
  "ordersNotFound": "Buyurtmalar topilmadi",
  "all_products": "Barcha mahsulotlar",
  "category_filter": "Kategoriya bo'yicha filtrlash",
  "subcategory_filter": "Subkategoriya bo'yicha filtrlash",
  "color_filter": "Rang bo'yicha filtrlash",
  "size_filter": "O'lcham bo'yicha filtrlash",
  "printing": "Chop etish",
  "shopName": "Do'kon nomi",
  "shopNameHint": "Do'kon nomini kiriting",
  "paperHeight": "Qog'oz balandligi",
  "paperHeightHint": "Qog'oz balandligini kiriting",
  "paperWidth": "Qog'oz kengligi",
  "paperWidthHint": "Qog'oz kengligini kiriting",
  "downloadDriver": "Drayverni yuklab olish",
  "productCheckLabel": "Mahsulot cheki",
  "orderCheckLabel": "Buyurtma cheki",
  "inputMustBeNumberError": "Kiritilgan qiymat son bo‘lishi kerak",
  "savedSuccessfully": "Muvaffaqiyatli saqlandi"
}