{"assets/animations/0302.gif":["assets/animations/0302.gif"],"assets/animations/ezgif-67acfa1b9785d7.gif":["assets/animations/ezgif-67acfa1b9785d7.gif"],"assets/animations/giphy.gif":["assets/animations/giphy.gif"],"assets/animations/img.png":["assets/animations/img.png"],"assets/animations/output-onlinegiftools.gif":["assets/animations/output-onlinegiftools.gif"],"assets/fonts/NunitoSans_7pt_Condensed-Black.ttf":["assets/fonts/NunitoSans_7pt_Condensed-Black.ttf"],"assets/fonts/NunitoSans_7pt_Condensed-Medium.ttf":["assets/fonts/NunitoSans_7pt_Condensed-Medium.ttf"],"assets/fonts/NunitoSans_7pt_Condensed-Regular.ttf":["assets/fonts/NunitoSans_7pt_Condensed-Regular.ttf"],"assets/fonts/RobotoCondensed-ExtraBold.ttf":["assets/fonts/RobotoCondensed-ExtraBold.ttf"],"assets/fonts/RobotoCondensed-Medium.ttf":["assets/fonts/RobotoCondensed-Medium.ttf"],"assets/fonts/RobotoCondensed-Regular.ttf":["assets/fonts/RobotoCondensed-Regular.ttf"],"assets/icons/bank.svg":["assets/icons/bank.svg"],"assets/icons/cash.svg":["assets/icons/cash.svg"],"assets/icons/category.svg":["assets/icons/category.svg"],"assets/icons/delivery.svg":["assets/icons/delivery.svg"],"assets/icons/dining-table.svg":["assets/icons/dining-table.svg"],"assets/icons/filter.svg":["assets/icons/filter.svg"],"assets/icons/hanger.svg":["assets/icons/hanger.svg"],"assets/icons/icons8-info.svg":["assets/icons/icons8-info.svg"],"assets/icons/pie.svg":["assets/icons/pie.svg"],"assets/icons/printer-svgrepo-com.svg":["assets/icons/printer-svgrepo-com.svg"],"assets/icons/product.svg":["assets/icons/product.svg"],"assets/icons/reprots.svg":["assets/icons/reprots.svg"],"assets/icons/settings.svg":["assets/icons/settings.svg"],"assets/icons/shopping-bag.svg":["assets/icons/shopping-bag.svg"],"assets/icons/shopping.svg":["assets/icons/shopping.svg"],"assets/icons/tabler_man.svg":["assets/icons/tabler_man.svg"],"assets/icons/users.svg":["assets/icons/users.svg"],"assets/icons/verified.svg":["assets/icons/verified.svg"],"assets/images/ai-technology.png":["assets/images/ai-technology.png"],"assets/images/image_2025-02-05_12-53-21.png":["assets/images/image_2025-02-05_12-53-21.png"],"assets/images/out-of-stock.png":["assets/images/out-of-stock.png"],"assets/localization/en-US.json":["assets/localization/en-US.json"],"assets/localization/ru-RU.json":["assets/localization/ru-RU.json"],"assets/localization/uz-UZ.json":["assets/localization/uz-UZ.json"],"packages/cupertino_icons/assets/CupertinoIcons.ttf":["packages/cupertino_icons/assets/CupertinoIcons.ttf"],"packages/flex_color_picker/assets/opacity.png":["packages/flex_color_picker/assets/opacity.png"],"packages/iconly/fonts/IconlyBold.ttf":["packages/iconly/fonts/IconlyBold.ttf"],"packages/iconly/fonts/IconlyBroken.ttf":["packages/iconly/fonts/IconlyBroken.ttf"],"packages/iconly/fonts/IconlyLight.ttf":["packages/iconly/fonts/IconlyLight.ttf"],"packages/iconsax_flutter/fonts/FlutterIconsax.ttf":["packages/iconsax_flutter/fonts/FlutterIconsax.ttf"],"packages/ionicons/assets/fonts/Ionicons.ttf":["packages/ionicons/assets/fonts/Ionicons.ttf"]}