[{"family":"MaterialIcons","fonts":[{"asset":"fonts/MaterialIcons-Regular.otf"}]},{"family":"Extra-Bold","fonts":[{"asset":"assets/fonts/NunitoSans_7pt_Condensed-Black.ttf"}]},{"family":"Medium","fonts":[{"asset":"assets/fonts/NunitoSans_7pt_Condensed-Medium.ttf"}]},{"family":"Regular","fonts":[{"asset":"assets/fonts/NunitoSans_7pt_Condensed-Regular.ttf"}]},{"family":"packages/cupertino_icons/CupertinoIcons","fonts":[{"asset":"packages/cupertino_icons/assets/CupertinoIcons.ttf"}]},{"family":"packages/iconly/IconlyBold","fonts":[{"asset":"packages/iconly/fonts/IconlyBold.ttf"}]},{"family":"packages/iconly/IconlyBroken","fonts":[{"asset":"packages/iconly/fonts/IconlyBroken.ttf"}]},{"family":"packages/iconly/IconlyLight","fonts":[{"asset":"packages/iconly/fonts/IconlyLight.ttf"}]},{"family":"packages/iconsax_flutter/FlutterIconsax","fonts":[{"asset":"packages/iconsax_flutter/fonts/FlutterIconsax.ttf"}]},{"family":"packages/ionicons/Ionicons","fonts":[{"asset":"packages/ionicons/assets/fonts/Ionicons.ttf"}]}]